{
	"texture_size": [64, 64],
	"textures": {
		"1": "block/fedora",
		"2": "item/paper",
		"particle": "item/paper"
	},
	"elements": [
		{
			"from": [2.5, 10, 1],
			"to": [13.5, 11, 15],
			"rotation": {"angle": 0, "axis": "y", "origin": [3, 11, 3]},
			"faces": {
				"north": {"uv": [6.25, 1.75, 9, 2], "texture": "#1"},
				"east": {"uv": [5.5, 3.25, 9, 3.5], "texture": "#1"},
				"south": {"uv": [6.25, 2, 9, 2.25], "texture": "#1"},
				"west": {"uv": [6.25, 1.5, 9.75, 1.75], "texture": "#1"},
				"up": {"uv": [2.75, 3.5, 0, 0], "texture": "#1"},
				"down": {"uv": [5.5, 0, 2.75, 3.5], "texture": "#1"}
			}
		},
		{
			"from": [3.4375, 11, 3.75],
			"to": [12.5625, 12.75, 13.75],
			"rotation": {"angle": 0, "axis": "y", "origin": [3, 12, 2.75]},
			"faces": {
				"east": {"uv": [9, 1, 11.5, 1.5], "texture": "#1"},
				"south": {"uv": [9, 0.5, 11.25, 1], "texture": "#1"},
				"west": {"uv": [9, 0, 11.5, 0.5], "texture": "#1"}
			}
		},
		{
			"from": [12.5625, 11, 6.25],
			"to": [13.0625, 12.75, 12.25],
			"rotation": {"angle": 0, "axis": "y", "origin": [3, 12, 3.25]},
			"faces": {
				"north": {"uv": [10.75, 1, 10.875, 1.5], "texture": "#1"},
				"east": {"uv": [9.25, 1, 10.75, 1.5], "texture": "#1"},
				"south": {"uv": [9.25, 1, 9.375, 1.5], "texture": "#1"},
				"west": {"uv": [9, 0, 11.5, 0.5], "texture": "#1"}
			}
		},
		{
			"from": [3.5, 11, 3],
			"to": [12.5, 17, 12],
			"rotation": {"angle": 22.5, "axis": "x", "origin": [8, 11, 3]},
			"faces": {
				"north": {"uv": [2.25, 3.5, 4.5, 5], "texture": "#1"},
				"east": {"uv": [4.5, 3.5, 6.75, 5], "texture": "#1"},
				"south": {"uv": [2.25, 5, 4.5, 6.5], "texture": "#1"},
				"west": {"uv": [4.5, 5, 6.75, 6.5], "texture": "#1"},
				"up": {"uv": [2.25, 5.75, 0, 3.5], "texture": "#1"}
			}
		},
		{
			"from": [9.5, 17, 3],
			"to": [12.5, 18, 12],
			"rotation": {"angle": 22.5, "axis": "x", "origin": [8, 11, 3]},
			"faces": {
				"north": {"uv": [1.5, 5.75, 2.25, 6], "texture": "#1"},
				"east": {"uv": [6.25, 2.25, 8.5, 2.5], "texture": "#1"},
				"south": {"uv": [1.5, 6, 2.25, 6.25], "texture": "#1"},
				"west": {"uv": [6.25, 2.5, 8.5, 2.75], "texture": "#1"},
				"up": {"uv": [6.25, 3.25, 5.5, 1], "texture": "#1"}
			}
		},
		{
			"from": [6.5, 17, 3],
			"to": [9.5, 18, 6],
			"rotation": {"angle": 22.5, "axis": "x", "origin": [5, 11, 3]},
			"faces": {
				"north": {"uv": [1.5, 6.25, 2.25, 6.5], "texture": "#1"},
				"south": {"uv": [0.75, 6.5, 1.5, 6.75], "texture": "#1"},
				"up": {"uv": [1.5, 6.5, 0.75, 5.75], "texture": "#1"}
			}
		},
		{
			"from": [3.5, 17, 3],
			"to": [6.5, 18, 12],
			"rotation": {"angle": 22.5, "axis": "x", "origin": [2, 11, 3]},
			"faces": {
				"north": {"uv": [1.5, 6.5, 2.25, 6.75], "texture": "#1"},
				"east": {"uv": [6.25, 2.75, 8.5, 3], "texture": "#1"},
				"south": {"uv": [2.25, 6.5, 3, 6.75], "texture": "#1"},
				"west": {"uv": [6.25, 3, 8.5, 3.25], "texture": "#1"},
				"up": {"uv": [0.75, 8, 0, 5.75], "texture": "#1"}
			}
		},
		{
			"name": "paper_0",
			"from": [12.5, 11, 8.5],
			"to": [13, 16.5, 12],
			"rotation": {"angle": 22.5, "axis": "x", "origin": [12.875, 13.875, 9]},
			"faces": {
				"north": {"uv": [5, 3, 6, 14], "texture": "#2"},
				"east": {"uv": [12, 3, 5, 14], "texture": "#2"},
				"south": {"uv": [11, 3, 12, 14], "texture": "#2"},
				"west": {"uv": [5, 3, 12, 14], "texture": "#2"},
				"up": {"uv": [5, 3, 12, 4], "rotation": 90, "texture": "#2"},
				"down": {"uv": [5, 13, 12, 14], "rotation": 270, "texture": "#2"}
			}
		},
		{
			"name": "paper_1",
			"from": [12.5, 11, 8],
			"to": [13, 16, 8.5],
			"rotation": {"angle": 22.5, "axis": "x", "origin": [12.875, 13.875, 9]},
			"faces": {
				"north": {"uv": [4, 4, 5, 14], "texture": "#2"},
				"east": {"uv": [5, 4, 4, 14], "texture": "#2"},
				"south": {"uv": [4, 4, 5, 14], "texture": "#2"},
				"west": {"uv": [4, 4, 5, 14], "texture": "#2"},
				"up": {"uv": [4, 4, 5, 5], "rotation": 90, "texture": "#2"},
				"down": {"uv": [4, 13, 5, 14], "rotation": 270, "texture": "#2"}
			}
		},
		{
			"name": "paper_2",
			"from": [12.5, 11, 7.5],
			"to": [13, 15.5, 8],
			"rotation": {"angle": 22.5, "axis": "x", "origin": [12.875, 13.875, 9]},
			"faces": {
				"north": {"uv": [3, 5, 4, 14], "texture": "#2"},
				"east": {"uv": [4, 5, 3, 14], "texture": "#2"},
				"south": {"uv": [3, 5, 4, 14], "texture": "#2"},
				"west": {"uv": [3, 5, 4, 14], "texture": "#2"},
				"up": {"uv": [3, 5, 4, 6], "rotation": 90, "texture": "#2"},
				"down": {"uv": [3, 13, 4, 14], "rotation": 270, "texture": "#2"}
			}
		},
		{
			"from": [13.0625, 14.0625, 7.875],
			"to": [13.0625, 14.9375, 11.625],
			"rotation": {"angle": 22.5, "axis": "x", "origin": [12.875, 13.875, 9]},
			"faces": {
				"east": {"uv": [0, 14.25, 7.5, 16], "texture": "#1"},
				"south": {"uv": [9, 0.5, 11.25, 1], "texture": "#1"},
				"west": {"uv": [9, 0, 11.5, 0.5], "texture": "#1"}
			}
		}
	],
	"display": {
		"thirdperson_righthand": {
			"rotation": [0, 45, 0],
			"translation": [0, -4, -5.5],
			"scale": [0.75, 0.75, 0.75]
		},
		"thirdperson_lefthand": {
			"rotation": [0, 45, 0],
			"translation": [0, -4, -5.5],
			"scale": [0.75, 0.75, 0.75]
		},
		"firstperson_righthand": {
			"rotation": [0, -135, 0],
			"translation": [0, 0.25, 0],
			"scale": [0.4, 0.4, 0.4]
		},
		"firstperson_lefthand": {
			"rotation": [0, 45, 0],
			"translation": [0, 0.25, 0],
			"scale": [0.4, 0.4, 0.4]
		},
		"ground": {
			"translation": [0, -1.75, 0],
			"scale": [0.625, 0.625, 0.625]
		},
		"gui": {
			"rotation": [30, 225, 0],
			"translation": [0, -2.5, 0],
			"scale": [0.75, 0.75, 0.75]
		},
		"head": {
			"rotation": [11.25, 0, 0],
			"translation": [0, 0.5, -1.75],
			"scale": [1.61, 1.61, 1.61]
		},
		"fixed": {
			"rotation": [-90, 0, 0],
			"translation": [0, 0, 6],
			"scale": [2, 2, 2]
		}
	},
	"groups": [
		{
			"name": "group",
			"origin": [2, 11, 3],
			"color": 0,
			"children": [0, 1, 2, 3, 4, 5, 6]
		},
		{
			"name": "paper",
			"origin": [8, 8, 14.5],
			"color": 0,
			"children": [7, 8, 9, 10]
		}
	]
}