{
	"format_version": "1.21.6",
	"credit": "Made with Blockbench",
	"texture_size": [64, 64],
	"textures": {
		"6": "iron_axe3",
		"7": "iron_axe2",
		"8": "iron_axe"
	},
	"elements": [
		{
			"from": [-2, 3, -5],
			"to": [0, 6, 23.9],
			"rotation": {"angle": 0, "axis": "y", "origin": [-11, 4, -13]},
			"faces": {
				"north": {"uv": [8, 4.25, 8.25, 4.625], "texture": "#7"},
				"east": {"uv": [3.5, 2, 7.125, 2.375], "texture": "#7"},
				"south": {"uv": [8.125, 6.875, 8.375, 7.25], "texture": "#7"},
				"west": {"uv": [3.5, 2.375, 7.125, 2.75], "texture": "#7"},
				"up": {"uv": [4.25, 8.625, 4, 5], "texture": "#7"},
				"down": {"uv": [4.5, 5, 4.25, 8.625], "texture": "#7"}
			}
		},
		{
			"from": [0, 2.1, -4],
			"to": [0.9, 4.1, 23.9],
			"rotation": {"angle": 0, "axis": "y", "origin": [-5, 4, -1]},
			"faces": {
				"north": {"uv": [3.875, 3.125, 4, 3.375], "texture": "#7"},
				"east": {"uv": [5, 5, 8.5, 5.25], "texture": "#7"},
				"south": {"uv": [3.875, 5.5, 4, 5.75], "texture": "#7"},
				"west": {"uv": [5, 5.25, 8.5, 5.5], "texture": "#7"},
				"up": {"uv": [6.625, 9.375, 6.5, 5.875], "texture": "#7"},
				"down": {"uv": [6.75, 5.875, 6.625, 9.375], "texture": "#7"}
			}
		},
		{
			"from": [0, 4, -6.9],
			"to": [16, 5, -4],
			"rotation": {"angle": 0, "axis": "y", "origin": [-5, 4, -12.9]},
			"faces": {
				"north": {"uv": [7, 5.75, 9, 5.875], "texture": "#7"},
				"east": {"uv": [0.625, 7.375, 1, 7.5], "texture": "#7"},
				"south": {"uv": [7.125, 3, 9.125, 3.125], "texture": "#7"},
				"west": {"uv": [2.625, 7.375, 3, 7.5], "texture": "#7"},
				"up": {"uv": [7.5, 1.125, 5.5, 0.75], "texture": "#7"},
				"down": {"uv": [7.5, 1.125, 5.5, 1.5], "texture": "#7"}
			}
		},
		{
			"from": [16, 3, -5],
			"to": [18, 6, 23.9],
			"rotation": {"angle": 0, "axis": "y", "origin": [7, 4, -13]},
			"faces": {
				"north": {"uv": [8.125, 7.5, 8.375, 7.875], "texture": "#7"},
				"east": {"uv": [3.5, 2.75, 7.125, 3.125], "texture": "#7"},
				"south": {"uv": [7.75, 8.125, 8, 8.5], "texture": "#7"},
				"west": {"uv": [4, 3.125, 7.625, 3.5], "texture": "#7"},
				"up": {"uv": [4.75, 8.625, 4.5, 5], "texture": "#7"},
				"down": {"uv": [5, 5, 4.75, 8.625], "texture": "#7"}
			}
		},
		{
			"from": [0, 2, 13.9],
			"to": [16, 10, 14.9],
			"rotation": {"angle": 0, "axis": "y", "origin": [-5, 4, 7.9]},
			"faces": {
				"north": {"uv": [0, 3.375, 2, 4.375], "texture": "#7"},
				"east": {"uv": [1.625, 7, 1.75, 8], "texture": "#7"},
				"south": {"uv": [2, 3.375, 4, 4.375], "texture": "#7"},
				"west": {"uv": [6.375, 7.5, 6.5, 8.5], "texture": "#7"},
				"up": {"uv": [9.25, 4.75, 7.25, 4.625], "texture": "#7"},
				"down": {"uv": [8.75, 7.25, 6.75, 7.375], "texture": "#7"}
			}
		},
		{
			"from": [0, 2, 3.9],
			"to": [16, 10, 4.9],
			"rotation": {"angle": 0, "axis": "y", "origin": [-5, 4, -2.1]},
			"faces": {
				"north": {"uv": [3.5, 0, 5.5, 1], "texture": "#7"},
				"east": {"uv": [6, 8, 6.125, 9], "texture": "#7"},
				"south": {"uv": [3.5, 1, 5.5, 2], "texture": "#7"},
				"west": {"uv": [6.125, 8, 6.25, 9], "texture": "#7"},
				"up": {"uv": [8.75, 7.5, 6.75, 7.375], "texture": "#7"},
				"down": {"uv": [9.5, 0.75, 7.5, 0.875], "texture": "#7"}
			}
		},
		{
			"from": [0, 2, 22.9],
			"to": [16, 7, 23.9],
			"rotation": {"angle": 0, "axis": "y", "origin": [-5, 4, 16.9]},
			"faces": {
				"north": {"uv": [0, 4.375, 2, 5], "texture": "#7"},
				"east": {"uv": [6.25, 8, 6.375, 8.625], "texture": "#7"},
				"south": {"uv": [2, 4.375, 4, 5], "texture": "#7"},
				"west": {"uv": [5.25, 8.5, 5.375, 9.125], "texture": "#7"},
				"up": {"uv": [9.5, 1, 7.5, 0.875], "texture": "#7"},
				"down": {"uv": [9.5, 1, 7.5, 1.125], "texture": "#7"}
			}
		},
		{
			"from": [0, 7, 22.9],
			"to": [16, 10, 26.9],
			"rotation": {"angle": 0, "axis": "x", "origin": [-5, 14, 24.9]},
			"faces": {
				"north": {"uv": [5.5, 1.5, 7.5, 1.875], "texture": "#7"},
				"east": {"uv": [3.5, 6.125, 4, 6.5], "texture": "#7"},
				"south": {"uv": [5, 5.5, 7, 5.875], "texture": "#7"},
				"west": {"uv": [6, 6.75, 6.5, 7.125], "texture": "#7"},
				"up": {"uv": [2, 5.5, 0, 5], "texture": "#7"},
				"down": {"uv": [4, 5, 2, 5.5], "texture": "#7"}
			}
		},
		{
			"from": [4, 7, 26.9],
			"to": [12, 11, 29.9],
			"rotation": {"angle": 0, "axis": "y", "origin": [-2, 14, 27.9]},
			"faces": {
				"north": {"uv": [2, 6.5, 3, 7], "texture": "#7"},
				"east": {"uv": [3.625, 7, 4, 7.5], "texture": "#7"},
				"south": {"uv": [3, 6.5, 4, 7], "texture": "#7"},
				"west": {"uv": [1.25, 7.5, 1.625, 8], "texture": "#7"},
				"up": {"uv": [6, 7.125, 5, 6.75], "texture": "#7"},
				"down": {"uv": [7.75, 6.875, 6.75, 7.25], "texture": "#7"}
			}
		},
		{
			"from": [4, 11, 26.9],
			"to": [12, 12, 29.9],
			"rotation": {"angle": 0, "axis": "y", "origin": [-2, 18, 27.9]},
			"faces": {
				"north": {"uv": [5.5, 1.875, 6.5, 2], "texture": "#7"},
				"east": {"uv": [8.5, 5.375, 8.875, 5.5], "texture": "#7"},
				"south": {"uv": [7.875, 2.625, 8.875, 2.75], "texture": "#7"},
				"west": {"uv": [8.625, 1.125, 9, 1.25], "texture": "#7"},
				"up": {"uv": [1, 7.375, 0, 7], "texture": "#7"},
				"down": {"uv": [3, 7, 2, 7.375], "texture": "#7"}
			}
		},
		{
			"from": [0, 2, 23.9],
			"to": [16, 5, 26.9],
			"rotation": {"angle": 0, "axis": "y", "origin": [-5, 4, 17.9]},
			"faces": {
				"north": {"uv": [0, 5.75, 2, 6.125], "texture": "#7"},
				"east": {"uv": [7.75, 3.875, 8.125, 4.25], "texture": "#7"},
				"south": {"uv": [2, 5.75, 4, 6.125], "texture": "#7"},
				"west": {"uv": [7.75, 6.875, 8.125, 7.25], "texture": "#7"},
				"up": {"uv": [7.75, 3.875, 5.75, 3.5], "texture": "#7"},
				"down": {"uv": [7.75, 3.875, 5.75, 4.25], "texture": "#7"}
			}
		},
		{
			"from": [2, 3, 26.9],
			"to": [14, 7, 29.9],
			"rotation": {"angle": 0, "axis": "y", "origin": [-7, 4, 20.9]},
			"faces": {
				"north": {"uv": [5.75, 4.25, 7.25, 4.75], "texture": "#7"},
				"east": {"uv": [3.25, 7.5, 3.625, 8], "texture": "#7"},
				"south": {"uv": [5, 5.875, 6.5, 6.375], "texture": "#7"},
				"west": {"uv": [3.625, 7.5, 4, 8], "texture": "#7"},
				"up": {"uv": [3.5, 6.5, 2, 6.125], "texture": "#7"},
				"down": {"uv": [6.5, 6.375, 5, 6.75], "texture": "#7"}
			}
		},
		{
			"from": [4, 4, 29.9],
			"to": [12, 9, 30.8],
			"rotation": {"angle": 0, "axis": "y", "origin": [-5, 5, 23.9]},
			"faces": {
				"north": {"uv": [0, 6.125, 1, 6.75], "texture": "#7"},
				"east": {"uv": [5.375, 8.5, 5.5, 9.125], "texture": "#7"},
				"south": {"uv": [1, 6.125, 2, 6.75], "texture": "#7"},
				"west": {"uv": [5.5, 8.5, 5.625, 9.125], "texture": "#7"},
				"up": {"uv": [8.875, 2.875, 7.875, 2.75], "texture": "#7"},
				"down": {"uv": [8.875, 2.875, 7.875, 3], "texture": "#7"}
			}
		},
		{
			"from": [6, 5, 30.8],
			"to": [10, 8, 31.7],
			"rotation": {"angle": 0, "axis": "y", "origin": [-3, 6, 24.8]},
			"faces": {
				"north": {"uv": [5, 7.5, 5.5, 7.875], "texture": "#7"},
				"east": {"uv": [7.625, 3.125, 7.75, 3.5], "texture": "#7"},
				"south": {"uv": [5.5, 7.5, 6, 7.875], "texture": "#7"},
				"west": {"uv": [5.875, 8.5, 6, 8.875], "texture": "#7"},
				"up": {"uv": [7, 2, 6.5, 1.875], "texture": "#7"},
				"down": {"uv": [9, 4.5, 8.5, 4.625], "texture": "#7"}
			}
		},
		{
			"from": [0, 5, 23.9],
			"to": [2, 7, 26.9],
			"rotation": {"angle": 0, "axis": "y", "origin": [-5, 7, 17.9]},
			"faces": {
				"north": {"uv": [8.125, 1.625, 8.375, 1.875], "texture": "#7"},
				"east": {"uv": [3.5, 3.125, 3.875, 3.375], "texture": "#7"},
				"south": {"uv": [5.625, 8.5, 5.875, 8.75], "texture": "#7"},
				"west": {"uv": [3.5, 5.5, 3.875, 5.75], "texture": "#7"},
				"up": {"uv": [8.375, 8.25, 8.125, 7.875], "texture": "#7"},
				"down": {"uv": [8.5, 3.125, 8.25, 3.5], "texture": "#7"}
			}
		},
		{
			"from": [-2, 6, 21.9],
			"to": [0, 9, 23.9],
			"rotation": {"angle": 0, "axis": "y", "origin": [-7, 7, 14.9]},
			"faces": {
				"north": {"uv": [8.25, 4.25, 8.5, 4.625], "texture": "#7"},
				"east": {"uv": [8, 8.25, 8.25, 8.625], "texture": "#7"},
				"south": {"uv": [8.25, 8.25, 8.5, 8.625], "texture": "#7"},
				"west": {"uv": [8.375, 1.125, 8.625, 1.5], "texture": "#7"},
				"up": {"uv": [8.75, 6.125, 8.5, 5.875], "texture": "#7"},
				"down": {"uv": [8.75, 6.125, 8.5, 6.375], "texture": "#7"}
			}
		},
		{
			"from": [2, 7, 26.9],
			"to": [4, 11, 29.9],
			"rotation": {"angle": 0, "axis": "y", "origin": [-7, 8, 20.9]},
			"faces": {
				"north": {"uv": [6.75, 8, 7, 8.5], "texture": "#7"},
				"east": {"uv": [6, 7.5, 6.375, 8], "texture": "#7"},
				"south": {"uv": [7, 8, 7.25, 8.5], "texture": "#7"},
				"west": {"uv": [6.75, 7.5, 7.125, 8], "texture": "#7"},
				"up": {"uv": [8.625, 1.875, 8.375, 1.5], "texture": "#7"},
				"down": {"uv": [8.625, 1.875, 8.375, 2.25], "texture": "#7"}
			}
		},
		{
			"from": [12, 7, 26.9],
			"to": [14, 11, 29.9],
			"rotation": {"angle": 0, "axis": "y", "origin": [3, 8, 20.9]},
			"faces": {
				"north": {"uv": [7.25, 8, 7.5, 8.5], "texture": "#7"},
				"east": {"uv": [7.125, 7.5, 7.5, 8], "texture": "#7"},
				"south": {"uv": [7.5, 8, 7.75, 8.5], "texture": "#7"},
				"west": {"uv": [7.5, 7.5, 7.875, 8], "texture": "#7"},
				"up": {"uv": [8.625, 2.625, 8.375, 2.25], "texture": "#7"},
				"down": {"uv": [8.625, 3.5, 8.375, 3.875], "texture": "#7"}
			}
		},
		{
			"from": [14, 5, 23.9],
			"to": [16, 7, 26.9],
			"rotation": {"angle": 0, "axis": "x", "origin": [9, 7, 17.9]},
			"faces": {
				"north": {"uv": [8.5, 6.375, 8.75, 6.625], "texture": "#7"},
				"east": {"uv": [8.25, 5.5, 8.625, 5.75], "texture": "#7"},
				"south": {"uv": [8.5, 6.625, 8.75, 6.875], "texture": "#7"},
				"west": {"uv": [8.375, 3.875, 8.75, 4.125], "texture": "#7"},
				"up": {"uv": [8.625, 7.25, 8.375, 6.875], "texture": "#7"},
				"down": {"uv": [8.625, 7.5, 8.375, 7.875], "texture": "#7"}
			}
		},
		{
			"from": [16, 6, 21.9],
			"to": [18, 9, 23.9],
			"rotation": {"angle": 0, "axis": "y", "origin": [11, 7, 14.9]},
			"faces": {
				"north": {"uv": [8.375, 7.875, 8.625, 8.25], "texture": "#7"},
				"east": {"uv": [0, 8.5, 0.25, 8.875], "texture": "#7"},
				"south": {"uv": [0.25, 8.5, 0.5, 8.875], "texture": "#7"},
				"west": {"uv": [0.75, 8.5, 1, 8.875], "texture": "#7"},
				"up": {"uv": [7, 8.75, 6.75, 8.5], "texture": "#7"},
				"down": {"uv": [7.25, 8.5, 7, 8.75], "texture": "#7"}
			}
		},
		{
			"from": [16, 6, 13.9],
			"to": [18, 9, 18.9],
			"rotation": {"angle": 0, "axis": "y", "origin": [11, 7, 9.9]},
			"faces": {
				"north": {"uv": [1, 8.5, 1.25, 8.875], "texture": "#7"},
				"east": {"uv": [0, 7.375, 0.625, 7.75], "texture": "#7"},
				"south": {"uv": [2, 8.5, 2.25, 8.875], "texture": "#7"},
				"west": {"uv": [2, 7.375, 2.625, 7.75], "texture": "#7"},
				"up": {"uv": [1, 8.5, 0.75, 7.875], "texture": "#7"},
				"down": {"uv": [1.25, 7.875, 1, 8.5], "texture": "#7"}
			}
		},
		{
			"from": [16, 6, 3.9],
			"to": [18, 9, 9.9],
			"rotation": {"angle": 0, "axis": "y", "origin": [11, 7, -0.1]},
			"faces": {
				"north": {"uv": [2.25, 8.5, 2.5, 8.875], "texture": "#7"},
				"east": {"uv": [7.125, 2.625, 7.875, 3], "texture": "#7"},
				"south": {"uv": [2.5, 8.5, 2.75, 8.875], "texture": "#7"},
				"west": {"uv": [5, 7.125, 5.75, 7.5], "texture": "#7"},
				"up": {"uv": [0.25, 8.5, 0, 7.75], "texture": "#7"},
				"down": {"uv": [0.5, 7.75, 0.25, 8.5], "texture": "#7"}
			}
		},
		{
			"from": [16, 6, -5],
			"to": [18, 10, 0],
			"rotation": {"angle": 0, "axis": "y", "origin": [11, 7, -9]},
			"faces": {
				"north": {"uv": [8.125, 1.125, 8.375, 1.625], "texture": "#7"},
				"east": {"uv": [1, 7, 1.625, 7.5], "texture": "#7"},
				"south": {"uv": [8.125, 3.75, 8.375, 4.25], "texture": "#7"},
				"west": {"uv": [3, 7, 3.625, 7.5], "texture": "#7"},
				"up": {"uv": [2.75, 8.5, 2.5, 7.875], "texture": "#7"},
				"down": {"uv": [3, 7.875, 2.75, 8.5], "texture": "#7"}
			}
		},
		{
			"from": [15, 5, -7.1],
			"to": [17, 10, -5.1],
			"rotation": {"angle": 0, "axis": "y", "origin": [10, 7, -13.1]},
			"faces": {
				"north": {"uv": [3, 7.875, 3.25, 8.5], "texture": "#7"},
				"east": {"uv": [5, 7.875, 5.25, 8.5], "texture": "#7"},
				"south": {"uv": [5.25, 7.875, 5.5, 8.5], "texture": "#7"},
				"west": {"uv": [5.5, 7.875, 5.75, 8.5], "texture": "#7"},
				"up": {"uv": [7.5, 8.75, 7.25, 8.5], "texture": "#7"},
				"down": {"uv": [7.75, 8.5, 7.5, 8.75], "texture": "#7"}
			}
		},
		{
			"from": [1, 5, -8.1],
			"to": [15, 11, -6.1],
			"rotation": {"angle": 0, "axis": "y", "origin": [-6, 5, -15.1]},
			"faces": {
				"north": {"uv": [4, 3.5, 5.75, 4.25], "texture": "#7"},
				"east": {"uv": [2, 7.75, 2.25, 8.5], "texture": "#7"},
				"south": {"uv": [4, 4.25, 5.75, 5], "texture": "#7"},
				"west": {"uv": [2.25, 7.75, 2.5, 8.5], "texture": "#7"},
				"up": {"uv": [7.5, 5, 5.75, 4.75], "texture": "#7"},
				"down": {"uv": [1.75, 6.75, 0, 7], "texture": "#7"}
			}
		},
		{
			"from": [3, 11, -8.1],
			"to": [13, 13, -6.1],
			"rotation": {"angle": 0, "axis": "y", "origin": [-6, 10, -15.1]},
			"faces": {
				"north": {"uv": [7, 5.5, 8.25, 5.75], "texture": "#7"},
				"east": {"uv": [7.75, 8.5, 8, 8.75], "texture": "#7"},
				"south": {"uv": [7.125, 1.875, 8.375, 2.125], "texture": "#7"},
				"west": {"uv": [8.5, 8.25, 8.75, 8.5], "texture": "#7"},
				"up": {"uv": [8.375, 2.375, 7.125, 2.125], "texture": "#7"},
				"down": {"uv": [8.375, 2.375, 7.125, 2.625], "texture": "#7"}
			}
		},
		{
			"from": [-1, 5, -7.1],
			"to": [1, 10, -5],
			"rotation": {"angle": 0, "axis": "y", "origin": [-6, 7, -13.1]},
			"faces": {
				"north": {"uv": [5.75, 7.875, 6, 8.5], "texture": "#7"},
				"east": {"uv": [7.875, 7.5, 8.125, 8.125], "texture": "#7"},
				"south": {"uv": [1.25, 8, 1.5, 8.625], "texture": "#7"},
				"west": {"uv": [1.5, 8, 1.75, 8.625], "texture": "#7"},
				"up": {"uv": [8.75, 8.75, 8.5, 8.5], "texture": "#7"},
				"down": {"uv": [0.75, 8.625, 0.5, 8.875], "texture": "#7"}
			}
		},
		{
			"from": [-2, 6, -5],
			"to": [0, 9, 0],
			"rotation": {"angle": 0, "axis": "y", "origin": [-7, 7, -9]},
			"faces": {
				"north": {"uv": [2.75, 8.5, 3, 8.875], "texture": "#7"},
				"east": {"uv": [0.625, 7.5, 1.25, 7.875], "texture": "#7"},
				"south": {"uv": [3, 8.5, 3.25, 8.875], "texture": "#7"},
				"west": {"uv": [7.5, 1.125, 8.125, 1.5], "texture": "#7"},
				"up": {"uv": [8.25, 3.75, 8, 3.125], "texture": "#7"},
				"down": {"uv": [3.5, 8, 3.25, 8.625], "texture": "#7"}
			}
		},
		{
			"from": [-2, 6, 3.9],
			"to": [0, 9, 9.9],
			"rotation": {"angle": 0, "axis": "y", "origin": [-7, 7, -0.1]},
			"faces": {
				"north": {"uv": [8.5, 3.125, 8.75, 3.5], "texture": "#7"},
				"east": {"uv": [5.75, 7.125, 6.5, 7.5], "texture": "#7"},
				"south": {"uv": [8.5, 4.125, 8.75, 4.5], "texture": "#7"},
				"west": {"uv": [7.25, 4.25, 8, 4.625], "texture": "#7"},
				"up": {"uv": [8, 3.875, 7.75, 3.125], "texture": "#7"},
				"down": {"uv": [0.75, 7.875, 0.5, 8.625], "texture": "#7"}
			}
		},
		{
			"from": [-2, 6, 13.9],
			"to": [0, 9, 18.9],
			"rotation": {"angle": 0, "axis": "y", "origin": [-7, 7, 9.9]},
			"faces": {
				"north": {"uv": [5, 8.5, 5.25, 8.875], "texture": "#7"},
				"east": {"uv": [7.5, 1.5, 8.125, 1.875], "texture": "#7"},
				"south": {"uv": [8.5, 5, 8.75, 5.375], "texture": "#7"},
				"west": {"uv": [2.625, 7.5, 3.25, 7.875], "texture": "#7"},
				"up": {"uv": [3.75, 8.625, 3.5, 8], "texture": "#7"},
				"down": {"uv": [4, 8, 3.75, 8.625], "texture": "#7"}
			}
		},
		{
			"from": [15.1, 2.1, -4],
			"to": [16, 4.1, 23.9],
			"rotation": {"angle": 0, "axis": "y", "origin": [10.1, 4, -1]},
			"faces": {
				"north": {"uv": [8.25, 3.5, 8.375, 3.75], "texture": "#7"},
				"east": {"uv": [0, 5.5, 3.5, 5.75], "texture": "#7"},
				"south": {"uv": [6.375, 8.5, 6.5, 8.75], "texture": "#7"},
				"west": {"uv": [5.5, 0, 9, 0.25], "texture": "#7"},
				"up": {"uv": [1.875, 10.25, 1.75, 6.75], "texture": "#7"},
				"down": {"uv": [2, 6.75, 1.875, 10.25], "texture": "#7"}
			}
		},
		{
			"from": [0.9, 2.1, -4],
			"to": [15.1, 4.1, -3.1],
			"rotation": {"angle": 0, "axis": "y", "origin": [-5, 4, -1]},
			"faces": {
				"north": {"uv": [6.75, 5.875, 8.5, 6.125], "texture": "#7"},
				"east": {"uv": [1.25, 8.625, 1.375, 8.875], "texture": "#7"},
				"south": {"uv": [6.75, 6.125, 8.5, 6.375], "texture": "#7"},
				"west": {"uv": [8.625, 1.25, 8.75, 1.5], "texture": "#7"},
				"up": {"uv": [9.25, 4.875, 7.5, 4.75], "texture": "#7"},
				"down": {"uv": [9.25, 4.875, 7.5, 5], "texture": "#7"}
			}
		},
		{
			"from": [0.9, 1.1, -3.1],
			"to": [15.1, 3.1, 24],
			"rotation": {"angle": 0, "axis": "y", "origin": [-2.1, 4, -1]},
			"faces": {
				"north": {"uv": [6.75, 6.375, 8.5, 6.625], "texture": "#7"},
				"east": {"uv": [5.5, 0.25, 8.875, 0.5], "texture": "#7"},
				"south": {"uv": [6.75, 6.625, 8.5, 6.875], "texture": "#7"},
				"west": {"uv": [5.5, 0.5, 8.875, 0.75], "texture": "#7"},
				"up": {"uv": [1.75, 3.375, 0, 0], "texture": "#7"},
				"down": {"uv": [3.5, 0, 1.75, 3.375], "texture": "#7"}
			}
		},
		{
			"from": [0.9, 3, 6],
			"to": [15.1, 7, 8],
			"rotation": {"angle": 0, "axis": "y", "origin": [0.9, 3, 6]},
			"faces": {
				"north": {"uv": [3.5, 4.75, 7, 5.75], "texture": "#6"},
				"east": {"uv": [3, 7.5, 3.5, 8.5], "texture": "#6"},
				"south": {"uv": [0, 5.25, 3.5, 6.25], "texture": "#6"},
				"west": {"uv": [3.5, 7.5, 4, 8.5], "texture": "#6"},
				"up": {"uv": [6.5, 7.25, 3, 6.75], "texture": "#6"},
				"down": {"uv": [10, 6.75, 6.5, 7.25], "texture": "#6"}
			}
		},
		{
			"from": [1.9, 3, -3],
			"to": [13.9, 7, -2],
			"rotation": {"angle": 0, "axis": "y", "origin": [1.9, 3, -4]},
			"faces": {
				"north": {"uv": [3.5, 5.75, 6.5, 6.75], "texture": "#6"},
				"east": {"uv": [5.25, 7.5, 5.5, 8.5], "texture": "#6"},
				"south": {"uv": [0, 6.25, 3, 7.25], "texture": "#6"},
				"west": {"uv": [5.5, 7.5, 5.75, 8.5], "texture": "#6"},
				"up": {"uv": [10, 7.5, 7, 7.25], "texture": "#6"},
				"down": {"uv": [3, 7.5, 0, 7.75], "texture": "#6"}
			}
		},
		{
			"from": [1.15, 7, -6],
			"to": [14.85, 8, 0],
			"rotation": {"angle": 0, "axis": "y", "origin": [1.9, 7, -6]},
			"faces": {
				"north": {"uv": [0, 7.25, 3.5, 7.5], "texture": "#6"},
				"east": {"uv": [7.5, 2, 9, 2.25], "texture": "#6"},
				"south": {"uv": [3.5, 7.25, 7, 7.5], "texture": "#6"},
				"west": {"uv": [7.5, 2.25, 9, 2.5], "texture": "#6"},
				"up": {"uv": [3.5, 1.5, 0, 0], "texture": "#6"},
				"down": {"uv": [3.5, 1.5, 0, 3], "texture": "#6"}
			}
		},
		{
			"from": [-0.1, 7, 15],
			"to": [15.9, 8, 20],
			"rotation": {"angle": 0, "axis": "y", "origin": [0.9, 7, 14]},
			"faces": {
				"north": {"uv": [7, 5.25, 11, 5.5], "texture": "#6"},
				"east": {"uv": [7.5, 4, 8.75, 4.25], "texture": "#6"},
				"south": {"uv": [7, 5.5, 11, 5.75], "texture": "#6"},
				"west": {"uv": [7.5, 4.25, 8.75, 4.5], "texture": "#6"},
				"up": {"uv": [7.5, 2.5, 3.5, 1.25], "texture": "#6"},
				"down": {"uv": [8, 2.5, 4, 3.75], "texture": "#6"}
			}
		},
		{
			"from": [0.9, 3, 16],
			"to": [15.1, 7, 18],
			"rotation": {"angle": 0, "axis": "y", "origin": [0.9, 3, 16]},
			"faces": {
				"north": {"uv": [4, 3.75, 7.5, 4.75], "texture": "#6"},
				"east": {"uv": [7.5, 0, 8, 1], "texture": "#6"},
				"south": {"uv": [0, 4.25, 3.5, 5.25], "texture": "#6"},
				"west": {"uv": [7.5, 1, 8, 2], "texture": "#6"},
				"up": {"uv": [10, 6.25, 6.5, 5.75], "texture": "#6"},
				"down": {"uv": [10, 6.25, 6.5, 6.75], "texture": "#6"}
			}
		},
		{
			"from": [-0.1, 7, 5],
			"to": [15.9, 8, 10],
			"rotation": {"angle": 0, "axis": "y", "origin": [0.9, 7, 4]},
			"faces": {
				"north": {"uv": [7, 4.75, 11, 5], "texture": "#6"},
				"east": {"uv": [7.5, 3.75, 8.75, 4], "texture": "#6"},
				"south": {"uv": [7, 5, 11, 5.25], "texture": "#6"},
				"west": {"uv": [4, 7.5, 5.25, 7.75], "texture": "#6"},
				"up": {"uv": [4, 4.25, 0, 3], "texture": "#6"},
				"down": {"uv": [7.5, 0, 3.5, 1.25], "texture": "#6"}
			}
		},
		{
			"from": [-0.1, 0.1, -1],
			"to": [16, 1.1, 0],
			"rotation": {"angle": 0, "axis": "y", "origin": [0.9, -1.9, -3]},
			"faces": {
				"north": {"uv": [0, 7.25, 4, 7.5], "texture": "#8"},
				"east": {"uv": [3.5, 2.5, 3.75, 2.75], "texture": "#8"},
				"south": {"uv": [4, 7.25, 8, 7.5], "texture": "#8"},
				"west": {"uv": [3.5, 2.75, 3.75, 3], "texture": "#8"},
				"up": {"uv": [4, 7.75, 0, 7.5], "texture": "#8"},
				"down": {"uv": [11.5, 0, 7.5, 0.25], "texture": "#8"}
			}
		},
		{
			"from": [-1.9, -4, -1],
			"to": [-1, 1, 0],
			"rotation": {"angle": 0, "axis": "y", "origin": [-1.9, -2, -3]},
			"faces": {
				"north": {"uv": [3.5, 8.5, 3.75, 9.75], "texture": "#8"},
				"east": {"uv": [8.75, 2.5, 9, 3.75], "texture": "#8"},
				"south": {"uv": [9, 2.5, 9.25, 3.75], "texture": "#8"},
				"west": {"uv": [3.75, 9, 4, 10.25], "texture": "#8"},
				"up": {"uv": [4, 2.75, 3.75, 2.5], "texture": "#8"},
				"down": {"uv": [4, 2.75, 3.75, 3], "texture": "#8"}
			}
		},
		{
			"from": [-0.3, -7, -1],
			"to": [0.6, -3.5, 0],
			"rotation": {"angle": 32.5, "axis": "z", "origin": [-0.3, -6.5, -3]},
			"faces": {
				"north": {"uv": [7.25, 9, 7.5, 9.875], "texture": "#8"},
				"east": {"uv": [7.5, 9, 7.75, 9.875], "texture": "#8"},
				"south": {"uv": [7.75, 9, 8, 9.875], "texture": "#8"},
				"west": {"uv": [8, 9, 8.25, 9.875], "texture": "#8"},
				"up": {"uv": [3.75, 4.5, 3.5, 4.25], "texture": "#8"},
				"down": {"uv": [4, 4.25, 3.75, 4.5], "texture": "#8"}
			}
		},
		{
			"from": [-0.1, -7, 22],
			"to": [3, -6, 23],
			"rotation": {"angle": 0, "axis": "y", "origin": [2.1, -7, 20]},
			"faces": {
				"north": {"uv": [9.25, 4.5, 10, 4.75], "texture": "#8"},
				"east": {"uv": [3.5, 4.5, 3.75, 4.75], "texture": "#8"},
				"south": {"uv": [9.25, 8.25, 10, 8.5], "texture": "#8"},
				"west": {"uv": [3.75, 4.5, 4, 4.75], "texture": "#8"},
				"up": {"uv": [10, 8.75, 9.25, 8.5], "texture": "#8"},
				"down": {"uv": [10, 8.75, 9.25, 9], "texture": "#8"}
			}
		},
		{
			"from": [-0.4, -7, 22],
			"to": [0.6, -3.5, 23],
			"rotation": {"angle": 32.5, "axis": "z", "origin": [-0.4, -6.5, 20]},
			"faces": {
				"north": {"uv": [8.25, 9, 8.5, 9.875], "texture": "#8"},
				"east": {"uv": [9, 8.25, 9.25, 9.125], "texture": "#8"},
				"south": {"uv": [8.5, 9, 8.75, 9.875], "texture": "#8"},
				"west": {"uv": [8.75, 9, 9, 9.875], "texture": "#8"},
				"up": {"uv": [3.25, 6.5, 3, 6.25], "texture": "#8"},
				"down": {"uv": [3.5, 6.25, 3.25, 6.5], "texture": "#8"}
			}
		},
		{
			"from": [12.6, -7, 22],
			"to": [15.7, -6, 23],
			"rotation": {"angle": 0, "axis": "z", "origin": [13.6, -6.5, 20]},
			"faces": {
				"north": {"uv": [9, 9.25, 9.75, 9.5], "texture": "#8"},
				"east": {"uv": [3, 6.5, 3.25, 6.75], "texture": "#8"},
				"south": {"uv": [9.25, 9, 10, 9.25], "texture": "#8"},
				"west": {"uv": [3.25, 6.5, 3.5, 6.75], "texture": "#8"},
				"up": {"uv": [2.25, 9.75, 1.5, 9.5], "texture": "#8"},
				"down": {"uv": [3, 9.5, 2.25, 9.75], "texture": "#8"}
			}
		},
		{
			"from": [12.7, -7, -1],
			"to": [15.8, -6, 0],
			"rotation": {"angle": 0, "axis": "y", "origin": [13.7, -6.5, -3]},
			"faces": {
				"north": {"uv": [9.5, 2.5, 10.25, 2.75], "texture": "#8"},
				"east": {"uv": [7.5, 2.25, 7.75, 2.5], "texture": "#8"},
				"south": {"uv": [9.5, 2.75, 10.25, 3], "texture": "#8"},
				"west": {"uv": [7.75, 2.25, 8, 2.5], "texture": "#8"},
				"up": {"uv": [10.25, 3.25, 9.5, 3], "texture": "#8"},
				"down": {"uv": [10.25, 3.25, 9.5, 3.5], "texture": "#8"}
			}
		},
		{
			"from": [15.2, -6.9, 22],
			"to": [16.2, -3.3, 23],
			"rotation": {"angle": -32, "axis": "z", "origin": [16, -6.2, 20]},
			"faces": {
				"north": {"uv": [0, 9.25, 0.25, 10.125], "texture": "#8"},
				"east": {"uv": [0.25, 9.25, 0.5, 10.125], "texture": "#8"},
				"south": {"uv": [0.5, 9.25, 0.75, 10.125], "texture": "#8"},
				"west": {"uv": [0.75, 9.25, 1, 10.125], "texture": "#8"},
				"up": {"uv": [4, 8, 3.75, 7.75], "texture": "#8"},
				"down": {"uv": [4, 8, 3.75, 8.25], "texture": "#8"}
			}
		},
		{
			"from": [15.3, -6.9, -1],
			"to": [16.3, -3.3, 0],
			"rotation": {"angle": -32, "axis": "z", "origin": [16.1, -6.2, -3]},
			"faces": {
				"north": {"uv": [1, 9.25, 1.25, 10.125], "texture": "#8"},
				"east": {"uv": [1.25, 9.25, 1.5, 10.125], "texture": "#8"},
				"south": {"uv": [9.25, 2.5, 9.5, 3.375], "texture": "#8"},
				"west": {"uv": [9.25, 3.5, 9.5, 4.375], "texture": "#8"},
				"up": {"uv": [9.75, 7.5, 9.5, 7.25], "texture": "#8"},
				"down": {"uv": [5.5, 10.25, 5.25, 10.5], "texture": "#8"}
			}
		},
		{
			"from": [0, -7, -1],
			"to": [3, -6, 0],
			"rotation": {"angle": 0, "axis": "z", "origin": [2.2, -7, -3]},
			"faces": {
				"north": {"uv": [9.5, 3.5, 10.25, 3.75], "texture": "#8"},
				"east": {"uv": [5.5, 10.25, 5.75, 10.5], "texture": "#8"},
				"south": {"uv": [9.5, 3.75, 10.25, 4], "texture": "#8"},
				"west": {"uv": [5.75, 10.25, 6, 10.5], "texture": "#8"},
				"up": {"uv": [10.25, 4.25, 9.5, 4], "texture": "#8"},
				"down": {"uv": [10.25, 4.25, 9.5, 4.5], "texture": "#8"}
			}
		},
		{
			"from": [16.8, -4, -1],
			"to": [17.8, 1, 0],
			"rotation": {"angle": 0, "axis": "y", "origin": [17.1, -2, -3]},
			"faces": {
				"north": {"uv": [4, 9, 4.25, 10.25], "texture": "#8"},
				"east": {"uv": [4.25, 9, 4.5, 10.25], "texture": "#8"},
				"south": {"uv": [4.5, 9, 4.75, 10.25], "texture": "#8"},
				"west": {"uv": [4.75, 9, 5, 10.25], "texture": "#8"},
				"up": {"uv": [10.5, 6, 10.25, 5.75], "texture": "#8"},
				"down": {"uv": [6.25, 10.25, 6, 10.5], "texture": "#8"}
			}
		},
		{
			"from": [-0.9, -1, -2],
			"to": [0, 2, 1],
			"rotation": {"angle": 0, "axis": "y", "origin": [-0.9, -1, -2]},
			"faces": {
				"north": {"uv": [3, 9.5, 3.25, 10.25], "texture": "#8"},
				"east": {"uv": [7.5, 3.75, 8.25, 4.5], "texture": "#8"},
				"south": {"uv": [3.25, 9.5, 3.5, 10.25], "texture": "#8"},
				"west": {"uv": [4, 7.5, 4.75, 8.25], "texture": "#8"},
				"up": {"uv": [9.25, 10.25, 9, 9.5], "texture": "#8"},
				"down": {"uv": [9.5, 9.5, 9.25, 10.25], "texture": "#8"}
			}
		},
		{
			"from": [15.8, -1, -2],
			"to": [16.8, 2, 1],
			"rotation": {"angle": 0, "axis": "y", "origin": [15.1, -1, -2]},
			"faces": {
				"north": {"uv": [9.5, 9.5, 9.75, 10.25], "texture": "#8"},
				"east": {"uv": [4.75, 7.5, 5.5, 8.25], "texture": "#8"},
				"south": {"uv": [1.5, 9.75, 1.75, 10.5], "texture": "#8"},
				"west": {"uv": [5.5, 7.5, 6.25, 8.25], "texture": "#8"},
				"up": {"uv": [2, 10.5, 1.75, 9.75], "texture": "#8"},
				"down": {"uv": [2.25, 9.75, 2, 10.5], "texture": "#8"}
			}
		},
		{
			"from": [15.8, -5, -2],
			"to": [16.8, -2, 1],
			"rotation": {"angle": 0, "axis": "y", "origin": [15.1, -5, -2]},
			"faces": {
				"north": {"uv": [2.25, 9.75, 2.5, 10.5], "texture": "#8"},
				"east": {"uv": [6.25, 7.5, 7, 8.25], "texture": "#8"},
				"south": {"uv": [2.5, 9.75, 2.75, 10.5], "texture": "#8"},
				"west": {"uv": [7, 7.5, 7.75, 8.25], "texture": "#8"},
				"up": {"uv": [3, 10.5, 2.75, 9.75], "texture": "#8"},
				"down": {"uv": [3.75, 9.75, 3.5, 10.5], "texture": "#8"}
			}
		},
		{
			"from": [-0.9, -5, -2],
			"to": [0, -2, 1],
			"rotation": {"angle": 0, "axis": "y", "origin": [-1.9, -5, -2]},
			"faces": {
				"north": {"uv": [9.75, 7.25, 10, 8], "texture": "#8"},
				"east": {"uv": [0, 7.75, 0.75, 8.5], "texture": "#8"},
				"south": {"uv": [9.75, 9.25, 10, 10], "texture": "#8"},
				"west": {"uv": [0.75, 7.75, 1.5, 8.5], "texture": "#8"},
				"up": {"uv": [10.25, 6.5, 10, 5.75], "texture": "#8"},
				"down": {"uv": [10.25, 6.5, 10, 7.25], "texture": "#8"}
			}
		},
		{
			"from": [15.7, -5, 21],
			"to": [16.7, -2, 24],
			"rotation": {"angle": 0, "axis": "y", "origin": [15, -5, 21]},
			"faces": {
				"north": {"uv": [7, 10, 7.25, 10.75], "texture": "#8"},
				"east": {"uv": [1.5, 7.75, 2.25, 8.5], "texture": "#8"},
				"south": {"uv": [7.25, 10, 7.5, 10.75], "texture": "#8"},
				"west": {"uv": [2.25, 7.75, 3, 8.5], "texture": "#8"},
				"up": {"uv": [10.25, 8, 10, 7.25], "texture": "#8"},
				"down": {"uv": [7.75, 10, 7.5, 10.75], "texture": "#8"}
			}
		},
		{
			"from": [11.7, -6, 21],
			"to": [14.7, -5, 24],
			"rotation": {"angle": 0, "axis": "y", "origin": [13, -5, 21]},
			"faces": {
				"north": {"uv": [9.75, 8, 10.5, 8.25], "texture": "#8"},
				"east": {"uv": [10, 2.25, 10.75, 2.5], "texture": "#8"},
				"south": {"uv": [10, 4.5, 10.75, 4.75], "texture": "#8"},
				"west": {"uv": [7.75, 10, 8.5, 10.25], "texture": "#8"},
				"up": {"uv": [3.75, 8.5, 3, 7.75], "texture": "#8"},
				"down": {"uv": [8.5, 7.5, 7.75, 8.25], "texture": "#8"}
			}
		},
		{
			"from": [1, -6, 21],
			"to": [4, -5, 24],
			"rotation": {"angle": 0, "axis": "y", "origin": [2, -5, 21]},
			"faces": {
				"north": {"uv": [10, 8.25, 10.75, 8.5], "texture": "#8"},
				"east": {"uv": [10, 8.5, 10.75, 8.75], "texture": "#8"},
				"south": {"uv": [10, 8.75, 10.75, 9], "texture": "#8"},
				"west": {"uv": [10, 9, 10.75, 9.25], "texture": "#8"},
				"up": {"uv": [8.75, 3, 8, 2.25], "texture": "#8"},
				"down": {"uv": [8.75, 3, 8, 3.75], "texture": "#8"}
			}
		},
		{
			"from": [11.8, -6, -2],
			"to": [14.8, -5, 1],
			"rotation": {"angle": 0, "axis": "y", "origin": [13.1, -5, -2]},
			"faces": {
				"north": {"uv": [10, 9.25, 10.75, 9.5], "texture": "#8"},
				"east": {"uv": [10, 9.5, 10.75, 9.75], "texture": "#8"},
				"south": {"uv": [9.75, 10, 10.5, 10.25], "texture": "#8"},
				"west": {"uv": [10, 9.75, 10.75, 10], "texture": "#8"},
				"up": {"uv": [4.5, 9, 3.75, 8.25], "texture": "#8"},
				"down": {"uv": [9, 3.75, 8.25, 4.5], "texture": "#8"}
			}
		},
		{
			"from": [1.1, -6, -2],
			"to": [4, -5, 1],
			"rotation": {"angle": 0, "axis": "y", "origin": [2.1, -5, -2]},
			"faces": {
				"north": {"uv": [0, 10.25, 0.75, 10.5], "texture": "#8"},
				"east": {"uv": [0.75, 10.25, 1.5, 10.5], "texture": "#8"},
				"south": {"uv": [10.25, 2.5, 11, 2.75], "texture": "#8"},
				"west": {"uv": [10.25, 2.75, 11, 3], "texture": "#8"},
				"up": {"uv": [5.25, 9, 4.5, 8.25], "texture": "#8"},
				"down": {"uv": [6, 8.25, 5.25, 9], "texture": "#8"}
			}
		},
		{
			"from": [16.7, -4, 22],
			"to": [17.7, 1, 23],
			"rotation": {"angle": 0, "axis": "y", "origin": [17, -2, 20]},
			"faces": {
				"north": {"uv": [5, 9, 5.25, 10.25], "texture": "#8"},
				"east": {"uv": [5.25, 9, 5.5, 10.25], "texture": "#8"},
				"south": {"uv": [5.5, 9, 5.75, 10.25], "texture": "#8"},
				"west": {"uv": [5.75, 9, 6, 10.25], "texture": "#8"},
				"up": {"uv": [10.5, 6.25, 10.25, 6], "texture": "#8"},
				"down": {"uv": [6.5, 10.25, 6.25, 10.5], "texture": "#8"}
			}
		},
		{
			"from": [15.7, -1, 21],
			"to": [16.7, 2, 24],
			"rotation": {"angle": 0, "axis": "y", "origin": [15, -1, 21]},
			"faces": {
				"north": {"uv": [8.5, 10, 8.75, 10.75], "texture": "#8"},
				"east": {"uv": [6, 8.25, 6.75, 9], "texture": "#8"},
				"south": {"uv": [8.75, 10, 9, 10.75], "texture": "#8"},
				"west": {"uv": [6.75, 8.25, 7.5, 9], "texture": "#8"},
				"up": {"uv": [3.25, 11, 3, 10.25], "texture": "#8"},
				"down": {"uv": [10.5, 3, 10.25, 3.75], "texture": "#8"}
			}
		},
		{
			"from": [0, 0.1, 22],
			"to": [16, 1.1, 23],
			"rotation": {"angle": 0, "axis": "y", "origin": [2, -1.9, 20]},
			"faces": {
				"north": {"uv": [7.5, 0.25, 11.5, 0.5], "texture": "#8"},
				"east": {"uv": [10.25, 6.25, 10.5, 6.5], "texture": "#8"},
				"south": {"uv": [7.5, 0.5, 11.5, 0.75], "texture": "#8"},
				"west": {"uv": [6.5, 10.25, 6.75, 10.5], "texture": "#8"},
				"up": {"uv": [11.5, 1, 7.5, 0.75], "texture": "#8"},
				"down": {"uv": [11.5, 1, 7.5, 1.25], "texture": "#8"}
			}
		},
		{
			"from": [-2, -4, 22],
			"to": [-1, 1, 23],
			"rotation": {"angle": 0, "axis": "y", "origin": [-2, -2, 20]},
			"faces": {
				"north": {"uv": [6, 9, 6.25, 10.25], "texture": "#8"},
				"east": {"uv": [6.25, 9, 6.5, 10.25], "texture": "#8"},
				"south": {"uv": [6.5, 9, 6.75, 10.25], "texture": "#8"},
				"west": {"uv": [6.75, 9, 7, 10.25], "texture": "#8"},
				"up": {"uv": [10.5, 6.75, 10.25, 6.5], "texture": "#8"},
				"down": {"uv": [7, 10.25, 6.75, 10.5], "texture": "#8"}
			}
		},
		{
			"from": [-1, -1, 21],
			"to": [0, 2, 24],
			"rotation": {"angle": 0, "axis": "y", "origin": [-1, -1, 21]},
			"faces": {
				"north": {"uv": [3.25, 10.25, 3.5, 11], "texture": "#8"},
				"east": {"uv": [7.5, 8.25, 8.25, 9], "texture": "#8"},
				"south": {"uv": [3.75, 10.25, 4, 11], "texture": "#8"},
				"west": {"uv": [8.25, 8.25, 9, 9], "texture": "#8"},
				"up": {"uv": [10.5, 4.5, 10.25, 3.75], "texture": "#8"},
				"down": {"uv": [4.25, 10.25, 4, 11], "texture": "#8"}
			}
		},
		{
			"from": [-1, -5, 21],
			"to": [0, -2, 24],
			"rotation": {"angle": 0, "axis": "y", "origin": [-2, -5, 21]},
			"faces": {
				"north": {"uv": [4.25, 10.25, 4.5, 11], "texture": "#8"},
				"east": {"uv": [0, 8.5, 0.75, 9.25], "texture": "#8"},
				"south": {"uv": [4.5, 10.25, 4.75, 11], "texture": "#8"},
				"west": {"uv": [0.75, 8.5, 1.5, 9.25], "texture": "#8"},
				"up": {"uv": [5, 11, 4.75, 10.25], "texture": "#8"},
				"down": {"uv": [5.25, 10.25, 5, 11], "texture": "#8"}
			}
		}
	],
	"groups": [
		{
			"name": "group",
			"origin": [-11, 4, -13],
			"color": 0,
			"children": [0, 1, 2, 3, 4, 5, 6, 7, 8, 9, 10, 11, 12, 13, 14, 15, 16, 17, 18, 19, 20, 21, 22, 23, 24, 25, 26, 27, 28, 29, 30, 31, 32]
		},
		{
			"name": "group",
			"origin": [0.9, 3, 6],
			"color": 0,
			"children": [33, 34, 35, 36, 37, 38, 39, 40, 41, 42, 43, 44, 45, 46, 47, 48, 49, 50, 51, 52, 53, 54, 55, 56, 57, 58, 59, 60, 61, 62, 63, 64]
		}
	]
}