{
	"format_version": "1.9.0",
	"credit": "Made with Blockbench",
	"texture_size": [64, 64],
	"textures": {
		"0": "item/turtle_egg",
		"particle": "item/turtle_egg"
	},
	"elements": [
		{
			"from": [1, 0, 4],
			"to": [2, 1, 16],
			"rotation": {"angle": 0, "axis": "y", "origin": [0, -1, 14]},
			"faces": {
				"north": {"uv": [2, 10.5, 2.25, 10.75], "texture": "#0"},
				"east": {"uv": [7, 3.5, 10, 3.75], "texture": "#0"},
				"south": {"uv": [2.25, 10.5, 2.5, 10.75], "texture": "#0"},
				"west": {"uv": [7, 3.75, 10, 4], "texture": "#0"},
				"up": {"uv": [7.25, 7, 7, 4], "texture": "#0"},
				"down": {"uv": [7, 7, 6.75, 10], "texture": "#0"}
			}
		},
		{
			"from": [14, 0, 4],
			"to": [15, 1, 16],
			"rotation": {"angle": 0, "axis": "y", "origin": [13, -1, 14]},
			"faces": {
				"north": {"uv": [2.5, 10.5, 2.75, 10.75], "texture": "#0"},
				"east": {"uv": [7, 7, 10, 7.25], "texture": "#0"},
				"south": {"uv": [2.75, 10.5, 3, 10.75], "texture": "#0"},
				"west": {"uv": [0, 7.25, 3, 7.5], "texture": "#0"},
				"up": {"uv": [3.25, 10.25, 3, 7.25], "texture": "#0"},
				"down": {"uv": [3.5, 7.25, 3.25, 10.25], "texture": "#0"}
			}
		},
		{
			"from": [13, 0, 2],
			"to": [14, 1, 3],
			"rotation": {"angle": 0, "axis": "y", "origin": [13, -1, 1]},
			"faces": {
				"north": {"uv": [3, 10.5, 3.25, 10.75], "texture": "#0"},
				"east": {"uv": [10.5, 4, 10.75, 4.25], "texture": "#0"},
				"south": {"uv": [10.5, 4.25, 10.75, 4.5], "texture": "#0"},
				"west": {"uv": [10.5, 4.75, 10.75, 5], "texture": "#0"},
				"up": {"uv": [10.75, 5.25, 10.5, 5], "texture": "#0"},
				"down": {"uv": [10.75, 5.25, 10.5, 5.5], "texture": "#0"}
			}
		},
		{
			"from": [3, 0, 1],
			"to": [13, 1, 2],
			"rotation": {"angle": 0, "axis": "y", "origin": [12, -1, 0]},
			"faces": {
				"north": {"uv": [3.5, 8, 6, 8.25], "texture": "#0"},
				"east": {"uv": [10.5, 5.5, 10.75, 5.75], "texture": "#0"},
				"south": {"uv": [7.5, 8, 10, 8.25], "texture": "#0"},
				"west": {"uv": [5.75, 10.5, 6, 10.75], "texture": "#0"},
				"up": {"uv": [6, 8.5, 3.5, 8.25], "texture": "#0"},
				"down": {"uv": [10, 8.25, 7.5, 8.5], "texture": "#0"}
			}
		},
		{
			"from": [3, 0, 2],
			"to": [13, 1, 3],
			"rotation": {"angle": 0, "axis": "y", "origin": [12, -1, 1]},
			"faces": {
				"north": {"uv": [3.5, 8.5, 6, 8.75], "texture": "#0"},
				"east": {"uv": [6.25, 10.5, 6.5, 10.75], "texture": "#0"},
				"south": {"uv": [7.5, 8.5, 10, 8.75], "texture": "#0"},
				"west": {"uv": [10.5, 6.25, 10.75, 6.5], "texture": "#0"},
				"up": {"uv": [6, 9, 3.5, 8.75], "texture": "#0"},
				"down": {"uv": [10, 8.75, 7.5, 9], "texture": "#0"}
			}
		},
		{
			"from": [2, 0, 2],
			"to": [3, 1, 3],
			"rotation": {"angle": 0, "axis": "y", "origin": [10, -1, 1]},
			"faces": {
				"north": {"uv": [10.5, 6.5, 10.75, 6.75], "texture": "#0"},
				"east": {"uv": [6.75, 10.5, 7, 10.75], "texture": "#0"},
				"south": {"uv": [7, 10.5, 7.25, 10.75], "texture": "#0"},
				"west": {"uv": [7.25, 10.5, 7.5, 10.75], "texture": "#0"},
				"up": {"uv": [10.75, 7.5, 10.5, 7.25], "texture": "#0"},
				"down": {"uv": [10.75, 7.5, 10.5, 7.75], "texture": "#0"}
			}
		},
		{
			"from": [14, 1, 2],
			"to": [15, 2, 4],
			"rotation": {"angle": 0, "axis": "y", "origin": [14, 0, 2]},
			"faces": {
				"north": {"uv": [8.5, 10.5, 8.75, 10.75], "texture": "#0"},
				"east": {"uv": [10, 8.5, 10.5, 8.75], "texture": "#0"},
				"south": {"uv": [10.5, 8.5, 10.75, 8.75], "texture": "#0"},
				"west": {"uv": [10, 8.75, 10.5, 9], "texture": "#0"},
				"up": {"uv": [6, 10.5, 5.75, 10], "texture": "#0"},
				"down": {"uv": [7, 10, 6.75, 10.5], "texture": "#0"}
			}
		},
		{
			"from": [3, 1, 0],
			"to": [13, 2, 1],
			"rotation": {"angle": 0, "axis": "y", "origin": [12, 0, -1]},
			"faces": {
				"north": {"uv": [3.5, 9, 6, 9.25], "texture": "#0"},
				"east": {"uv": [8.75, 10.5, 9, 10.75], "texture": "#0"},
				"south": {"uv": [7.5, 9, 10, 9.25], "texture": "#0"},
				"west": {"uv": [10.5, 8.75, 10.75, 9], "texture": "#0"},
				"up": {"uv": [6, 9.5, 3.5, 9.25], "texture": "#0"},
				"down": {"uv": [10, 9.25, 7.5, 9.5], "texture": "#0"}
			}
		},
		{
			"from": [13, 1, 1],
			"to": [14, 2, 2],
			"rotation": {"angle": 0, "axis": "y", "origin": [13, 0, 0]},
			"faces": {
				"north": {"uv": [10.5, 9, 10.75, 9.25], "texture": "#0"},
				"east": {"uv": [9.25, 10.5, 9.5, 10.75], "texture": "#0"},
				"south": {"uv": [10.5, 9.25, 10.75, 9.5], "texture": "#0"},
				"west": {"uv": [10.5, 9.75, 10.75, 10], "texture": "#0"},
				"up": {"uv": [10.25, 10.75, 10, 10.5], "texture": "#0"},
				"down": {"uv": [10.75, 10, 10.5, 10.25], "texture": "#0"}
			}
		},
		{
			"from": [2, 1, 1],
			"to": [3, 2, 2],
			"rotation": {"angle": 0, "axis": "y", "origin": [10, 0, 0]},
			"faces": {
				"north": {"uv": [10.25, 10.5, 10.5, 10.75], "texture": "#0"},
				"east": {"uv": [10.5, 10.25, 10.75, 10.5], "texture": "#0"},
				"south": {"uv": [10.5, 10.5, 10.75, 10.75], "texture": "#0"},
				"west": {"uv": [0, 10.75, 0.25, 11], "texture": "#0"},
				"up": {"uv": [0.5, 11, 0.25, 10.75], "texture": "#0"},
				"down": {"uv": [1.25, 10.75, 1, 11], "texture": "#0"}
			}
		},
		{
			"from": [1, 1, 2],
			"to": [2, 2, 4],
			"rotation": {"angle": 0, "axis": "y", "origin": [9, 0, 1]},
			"faces": {
				"north": {"uv": [1.25, 10.75, 1.5, 11], "texture": "#0"},
				"east": {"uv": [10, 9, 10.5, 9.25], "texture": "#0"},
				"south": {"uv": [1.5, 10.75, 1.75, 11], "texture": "#0"},
				"west": {"uv": [10, 9.25, 10.5, 9.5], "texture": "#0"},
				"up": {"uv": [9.5, 10.5, 9.25, 10], "texture": "#0"},
				"down": {"uv": [10.25, 9.75, 10, 10.25], "texture": "#0"}
			}
		},
		{
			"from": [14, 2, 2],
			"to": [15, 3, 4],
			"rotation": {"angle": 0, "axis": "y", "origin": [14, 1, 2]},
			"faces": {
				"north": {"uv": [1.75, 10.75, 2, 11], "texture": "#0"},
				"east": {"uv": [2.25, 10.25, 2.75, 10.5], "texture": "#0"},
				"south": {"uv": [2, 10.75, 2.25, 11], "texture": "#0"},
				"west": {"uv": [2.75, 10.25, 3.25, 10.5], "texture": "#0"},
				"up": {"uv": [3.5, 10.75, 3.25, 10.25], "texture": "#0"},
				"down": {"uv": [10.5, 4, 10.25, 4.5], "texture": "#0"}
			}
		},
		{
			"from": [3, 2, 0],
			"to": [13, 3, 1],
			"rotation": {"angle": 0, "axis": "y", "origin": [12, 1, -1]},
			"faces": {
				"north": {"uv": [9.5, 0, 12, 0.25], "texture": "#0"},
				"east": {"uv": [2.25, 10.75, 2.5, 11], "texture": "#0"},
				"south": {"uv": [9.5, 0.25, 12, 0.5], "texture": "#0"},
				"west": {"uv": [2.5, 10.75, 2.75, 11], "texture": "#0"},
				"up": {"uv": [12, 0.75, 9.5, 0.5], "texture": "#0"},
				"down": {"uv": [12, 0.75, 9.5, 1], "texture": "#0"}
			}
		},
		{
			"from": [13, 2, 1],
			"to": [14, 3, 2],
			"rotation": {"angle": 0, "axis": "y", "origin": [13, 1, 0]},
			"faces": {
				"north": {"uv": [2.75, 10.75, 3, 11], "texture": "#0"},
				"east": {"uv": [3, 10.75, 3.25, 11], "texture": "#0"},
				"south": {"uv": [3.25, 10.75, 3.5, 11], "texture": "#0"},
				"west": {"uv": [10.75, 3.25, 11, 3.5], "texture": "#0"},
				"up": {"uv": [11, 4.25, 10.75, 4], "texture": "#0"},
				"down": {"uv": [11, 4.25, 10.75, 4.5], "texture": "#0"}
			}
		},
		{
			"from": [2, 2, 1],
			"to": [3, 3, 2],
			"rotation": {"angle": 0, "axis": "y", "origin": [10, 1, 0]},
			"faces": {
				"north": {"uv": [10.75, 4.5, 11, 4.75], "texture": "#0"},
				"east": {"uv": [10.75, 4.75, 11, 5], "texture": "#0"},
				"south": {"uv": [10.75, 5, 11, 5.25], "texture": "#0"},
				"west": {"uv": [10.75, 5.25, 11, 5.5], "texture": "#0"},
				"up": {"uv": [11, 5.75, 10.75, 5.5], "texture": "#0"},
				"down": {"uv": [6, 10.75, 5.75, 11], "texture": "#0"}
			}
		},
		{
			"from": [1, 2, 2],
			"to": [2, 3, 4],
			"rotation": {"angle": 0, "axis": "y", "origin": [9, 1, 1]},
			"faces": {
				"north": {"uv": [10.75, 5.75, 11, 6], "texture": "#0"},
				"east": {"uv": [10.25, 3.25, 10.75, 3.5], "texture": "#0"},
				"south": {"uv": [6, 10.75, 6.25, 11], "texture": "#0"},
				"west": {"uv": [10.25, 4.5, 10.75, 4.75], "texture": "#0"},
				"up": {"uv": [10.5, 5.25, 10.25, 4.75], "texture": "#0"},
				"down": {"uv": [10.5, 5.25, 10.25, 5.75], "texture": "#0"}
			}
		},
		{
			"from": [14, 3, 2],
			"to": [15, 4, 4],
			"rotation": {"angle": 0, "axis": "y", "origin": [14, 2, 2]},
			"faces": {
				"north": {"uv": [10.75, 6, 11, 6.25], "texture": "#0"},
				"east": {"uv": [10.25, 5.75, 10.75, 6], "texture": "#0"},
				"south": {"uv": [6.25, 10.75, 6.5, 11], "texture": "#0"},
				"west": {"uv": [10.25, 6, 10.75, 6.25], "texture": "#0"},
				"up": {"uv": [6.25, 10.75, 6, 10.25], "texture": "#0"},
				"down": {"uv": [10.5, 6.25, 10.25, 6.75], "texture": "#0"}
			}
		},
		{
			"from": [3, 3, 0],
			"to": [13, 4, 1],
			"rotation": {"angle": 0, "axis": "y", "origin": [12, 2, -1]},
			"faces": {
				"north": {"uv": [9.5, 1, 12, 1.25], "texture": "#0"},
				"east": {"uv": [10.75, 6.25, 11, 6.5], "texture": "#0"},
				"south": {"uv": [9.5, 1.25, 12, 1.5], "texture": "#0"},
				"west": {"uv": [6.5, 10.75, 6.75, 11], "texture": "#0"},
				"up": {"uv": [12, 1.75, 9.5, 1.5], "texture": "#0"},
				"down": {"uv": [12, 1.75, 9.5, 2], "texture": "#0"}
			}
		},
		{
			"from": [13, 3, 1],
			"to": [14, 4, 2],
			"rotation": {"angle": 0, "axis": "y", "origin": [13, 2, 0]},
			"faces": {
				"north": {"uv": [10.75, 6.5, 11, 6.75], "texture": "#0"},
				"east": {"uv": [6.75, 10.75, 7, 11], "texture": "#0"},
				"south": {"uv": [10.75, 6.75, 11, 7], "texture": "#0"},
				"west": {"uv": [7, 10.75, 7.25, 11], "texture": "#0"},
				"up": {"uv": [7.5, 11, 7.25, 10.75], "texture": "#0"},
				"down": {"uv": [11, 7.25, 10.75, 7.5], "texture": "#0"}
			}
		},
		{
			"from": [2, 3, 1],
			"to": [3, 4, 2],
			"rotation": {"angle": 0, "axis": "y", "origin": [10, 2, 0]},
			"faces": {
				"north": {"uv": [7.5, 10.75, 7.75, 11], "texture": "#0"},
				"east": {"uv": [10.75, 7.5, 11, 7.75], "texture": "#0"},
				"south": {"uv": [7.75, 10.75, 8, 11], "texture": "#0"},
				"west": {"uv": [10.75, 7.75, 11, 8], "texture": "#0"},
				"up": {"uv": [8.25, 11, 8, 10.75], "texture": "#0"},
				"down": {"uv": [8.5, 10.75, 8.25, 11], "texture": "#0"}
			}
		},
		{
			"from": [1, 3, 2],
			"to": [2, 4, 4],
			"rotation": {"angle": 0, "axis": "y", "origin": [9, 2, 1]},
			"faces": {
				"north": {"uv": [10.75, 8.25, 11, 8.5], "texture": "#0"},
				"east": {"uv": [10.25, 6.75, 10.75, 7], "texture": "#0"},
				"south": {"uv": [8.5, 10.75, 8.75, 11], "texture": "#0"},
				"west": {"uv": [7, 10.25, 7.5, 10.5], "texture": "#0"},
				"up": {"uv": [6.75, 10.75, 6.5, 10.25], "texture": "#0"},
				"down": {"uv": [10.5, 7.25, 10.25, 7.75], "texture": "#0"}
			}
		},
		{
			"from": [0, 1, 4],
			"to": [1, 2, 16],
			"rotation": {"angle": 0, "axis": "y", "origin": [-1, 0, 14]},
			"faces": {
				"north": {"uv": [10.75, 8.5, 11, 8.75], "texture": "#0"},
				"east": {"uv": [3.5, 7.25, 6.5, 7.5], "texture": "#0"},
				"south": {"uv": [8.75, 10.75, 9, 11], "texture": "#0"},
				"west": {"uv": [7.25, 4, 10.25, 4.25], "texture": "#0"},
				"up": {"uv": [6.75, 10.25, 6.5, 7.25], "texture": "#0"},
				"down": {"uv": [7.25, 7.25, 7, 10.25], "texture": "#0"}
			}
		},
		{
			"from": [15, 2, 4],
			"to": [16, 3, 16],
			"rotation": {"angle": 0, "axis": "y", "origin": [14, 1, 14]},
			"faces": {
				"north": {"uv": [10.75, 8.75, 11, 9], "texture": "#0"},
				"east": {"uv": [7.25, 4.25, 10.25, 4.5], "texture": "#0"},
				"south": {"uv": [9, 10.75, 9.25, 11], "texture": "#0"},
				"west": {"uv": [7.25, 4.5, 10.25, 4.75], "texture": "#0"},
				"up": {"uv": [7.5, 10.25, 7.25, 7.25], "texture": "#0"},
				"down": {"uv": [0.25, 7.5, 0, 10.5], "texture": "#0"}
			}
		},
		{
			"from": [0, 2, 4],
			"to": [1, 3, 16],
			"rotation": {"angle": 0, "axis": "y", "origin": [-1, 1, 14]},
			"faces": {
				"north": {"uv": [10.75, 9, 11, 9.25], "texture": "#0"},
				"east": {"uv": [7.25, 4.75, 10.25, 5], "texture": "#0"},
				"south": {"uv": [9.25, 10.75, 9.5, 11], "texture": "#0"},
				"west": {"uv": [7.25, 5, 10.25, 5.25], "texture": "#0"},
				"up": {"uv": [0.5, 10.5, 0.25, 7.5], "texture": "#0"},
				"down": {"uv": [0.75, 7.5, 0.5, 10.5], "texture": "#0"}
			}
		},
		{
			"from": [15, 3, 4],
			"to": [16, 4, 16],
			"rotation": {"angle": 0, "axis": "y", "origin": [14, 2, 14]},
			"faces": {
				"north": {"uv": [10.75, 9.25, 11, 9.5], "texture": "#0"},
				"east": {"uv": [7.25, 5.25, 10.25, 5.5], "texture": "#0"},
				"south": {"uv": [10.75, 9.75, 11, 10], "texture": "#0"},
				"west": {"uv": [7.25, 5.5, 10.25, 5.75], "texture": "#0"},
				"up": {"uv": [1, 10.5, 0.75, 7.5], "texture": "#0"},
				"down": {"uv": [1.25, 7.5, 1, 10.5], "texture": "#0"}
			}
		},
		{
			"from": [0, 3, 4],
			"to": [1, 4, 16],
			"rotation": {"angle": 0, "axis": "y", "origin": [-1, 2, 14]},
			"faces": {
				"north": {"uv": [10, 10.75, 10.25, 11], "texture": "#0"},
				"east": {"uv": [7.25, 5.75, 10.25, 6], "texture": "#0"},
				"south": {"uv": [10.75, 10, 11, 10.25], "texture": "#0"},
				"west": {"uv": [7.25, 6, 10.25, 6.25], "texture": "#0"},
				"up": {"uv": [1.5, 10.5, 1.25, 7.5], "texture": "#0"},
				"down": {"uv": [1.75, 7.5, 1.5, 10.5], "texture": "#0"}
			}
		},
		{
			"from": [15, 4, 5],
			"to": [16, 5, 16],
			"rotation": {"angle": 0, "axis": "y", "origin": [14, 3, 14]},
			"faces": {
				"north": {"uv": [10.25, 10.75, 10.5, 11], "texture": "#0"},
				"east": {"uv": [7.5, 7.25, 10.25, 7.5], "texture": "#0"},
				"south": {"uv": [10.75, 10.25, 11, 10.5], "texture": "#0"},
				"west": {"uv": [7.5, 7.5, 10.25, 7.75], "texture": "#0"},
				"up": {"uv": [2.5, 10.25, 2.25, 7.5], "texture": "#0"},
				"down": {"uv": [2.75, 7.5, 2.5, 10.25], "texture": "#0"}
			}
		},
		{
			"from": [0, 4, 5],
			"to": [1, 5, 16],
			"rotation": {"angle": 0, "axis": "y", "origin": [-1, 3, 14]},
			"faces": {
				"north": {"uv": [10.5, 10.75, 10.75, 11], "texture": "#0"},
				"east": {"uv": [3.5, 7.75, 6.25, 8], "texture": "#0"},
				"south": {"uv": [10.75, 10.5, 11, 10.75], "texture": "#0"},
				"west": {"uv": [7.5, 7.75, 10.25, 8], "texture": "#0"},
				"up": {"uv": [3, 10.25, 2.75, 7.5], "texture": "#0"},
				"down": {"uv": [6.5, 7.75, 6.25, 10.5], "texture": "#0"}
			}
		},
		{
			"from": [0, 5, 7],
			"to": [1, 6, 16],
			"rotation": {"angle": 0, "axis": "y", "origin": [-1, 4, 14]},
			"faces": {
				"north": {"uv": [10.75, 10.75, 11, 11], "texture": "#0"},
				"east": {"uv": [9.5, 2, 11.75, 2.25], "texture": "#0"},
				"south": {"uv": [0, 11, 0.25, 11.25], "texture": "#0"},
				"west": {"uv": [9.5, 2.25, 11.75, 2.5], "texture": "#0"},
				"up": {"uv": [6.25, 10.25, 6, 8], "texture": "#0"},
				"down": {"uv": [3.75, 9.5, 3.5, 11.75], "texture": "#0"}
			}
		},
		{
			"from": [0, 6, 9],
			"to": [1, 7, 16],
			"rotation": {"angle": 0, "axis": "y", "origin": [-1, 5, 14]},
			"faces": {
				"north": {"uv": [0.25, 11, 0.5, 11.25], "texture": "#0"},
				"east": {"uv": [4.25, 9.5, 6, 9.75], "texture": "#0"},
				"south": {"uv": [0.5, 11, 0.75, 11.25], "texture": "#0"},
				"west": {"uv": [4.25, 9.75, 6, 10], "texture": "#0"},
				"up": {"uv": [9.75, 11.5, 9.5, 9.75], "texture": "#0"},
				"down": {"uv": [10, 9.75, 9.75, 11.5], "texture": "#0"}
			}
		},
		{
			"from": [15, 5, 7],
			"to": [16, 6, 16],
			"rotation": {"angle": 0, "axis": "y", "origin": [14, 4, 14]},
			"faces": {
				"north": {"uv": [0.75, 11, 1, 11.25], "texture": "#0"},
				"east": {"uv": [9.5, 2.5, 11.75, 2.75], "texture": "#0"},
				"south": {"uv": [1, 11, 1.25, 11.25], "texture": "#0"},
				"west": {"uv": [9.5, 2.75, 11.75, 3], "texture": "#0"},
				"up": {"uv": [4, 11.75, 3.75, 9.5], "texture": "#0"},
				"down": {"uv": [4.25, 9.5, 4, 11.75], "texture": "#0"}
			}
		},
		{
			"from": [15, 6, 9],
			"to": [16, 7, 16],
			"rotation": {"angle": 0, "axis": "y", "origin": [14, 5, 14]},
			"faces": {
				"north": {"uv": [1.25, 11, 1.5, 11.25], "texture": "#0"},
				"east": {"uv": [10, 3.5, 11.75, 3.75], "texture": "#0"},
				"south": {"uv": [1.5, 11, 1.75, 11.25], "texture": "#0"},
				"west": {"uv": [10, 3.75, 11.75, 4], "texture": "#0"},
				"up": {"uv": [4.5, 11.75, 4.25, 10], "texture": "#0"},
				"down": {"uv": [4.75, 10, 4.5, 11.75], "texture": "#0"}
			}
		},
		{
			"from": [15, 1, 4],
			"to": [16, 2, 16],
			"rotation": {"angle": 0, "axis": "y", "origin": [14, 0, 14]},
			"faces": {
				"north": {"uv": [1.75, 11, 2, 11.25], "texture": "#0"},
				"east": {"uv": [7.25, 6.25, 10.25, 6.5], "texture": "#0"},
				"south": {"uv": [2, 11, 2.25, 11.25], "texture": "#0"},
				"west": {"uv": [7.25, 6.5, 10.25, 6.75], "texture": "#0"},
				"up": {"uv": [2, 10.5, 1.75, 7.5], "texture": "#0"},
				"down": {"uv": [2.25, 7.5, 2, 10.5], "texture": "#0"}
			}
		},
		{
			"from": [13, 4, 2],
			"to": [14, 5, 4],
			"rotation": {"angle": 0, "axis": "y", "origin": [13, 3, 2]},
			"faces": {
				"north": {"uv": [2.25, 11, 2.5, 11.25], "texture": "#0"},
				"east": {"uv": [10.25, 7.75, 10.75, 8], "texture": "#0"},
				"south": {"uv": [2.5, 11, 2.75, 11.25], "texture": "#0"},
				"west": {"uv": [8.5, 10.25, 9, 10.5], "texture": "#0"},
				"up": {"uv": [9.25, 10.75, 9, 10.25], "texture": "#0"},
				"down": {"uv": [10.5, 9.75, 10.25, 10.25], "texture": "#0"}
			}
		},
		{
			"from": [4, 4, 1],
			"to": [12, 5, 2],
			"rotation": {"angle": 0, "axis": "y", "origin": [11, 3, 0]},
			"faces": {
				"north": {"uv": [9.5, 3, 11.5, 3.25], "texture": "#0"},
				"east": {"uv": [2.75, 11, 3, 11.25], "texture": "#0"},
				"south": {"uv": [7.5, 9.5, 9.5, 9.75], "texture": "#0"},
				"west": {"uv": [3, 11, 3.25, 11.25], "texture": "#0"},
				"up": {"uv": [11.5, 9.75, 9.5, 9.5], "texture": "#0"},
				"down": {"uv": [9.5, 9.75, 7.5, 10], "texture": "#0"}
			}
		},
		{
			"from": [12, 4, 1],
			"to": [13, 5, 2],
			"rotation": {"angle": 0, "axis": "y", "origin": [12, 3, 0]},
			"faces": {
				"north": {"uv": [3.25, 11, 3.5, 11.25], "texture": "#0"},
				"east": {"uv": [11, 3.25, 11.25, 3.5], "texture": "#0"},
				"south": {"uv": [11, 4, 11.25, 4.25], "texture": "#0"},
				"west": {"uv": [11, 4.25, 11.25, 4.5], "texture": "#0"},
				"up": {"uv": [11.25, 4.75, 11, 4.5], "texture": "#0"},
				"down": {"uv": [11.25, 4.75, 11, 5], "texture": "#0"}
			}
		},
		{
			"from": [3, 4, 1],
			"to": [4, 5, 2],
			"rotation": {"angle": 0, "axis": "y", "origin": [11, 3, 0]},
			"faces": {
				"north": {"uv": [11, 5, 11.25, 5.25], "texture": "#0"},
				"east": {"uv": [11, 5.25, 11.25, 5.5], "texture": "#0"},
				"south": {"uv": [11, 5.5, 11.25, 5.75], "texture": "#0"},
				"west": {"uv": [5.75, 11, 6, 11.25], "texture": "#0"},
				"up": {"uv": [11.25, 6, 11, 5.75], "texture": "#0"},
				"down": {"uv": [6.25, 11, 6, 11.25], "texture": "#0"}
			}
		},
		{
			"from": [1, 4, 4],
			"to": [2, 5, 5],
			"rotation": {"angle": 0, "axis": "y", "origin": [9, 3, 3]},
			"faces": {
				"north": {"uv": [11, 6, 11.25, 6.25], "texture": "#0"},
				"east": {"uv": [6.25, 11, 6.5, 11.25], "texture": "#0"},
				"south": {"uv": [11, 6.25, 11.25, 6.5], "texture": "#0"},
				"west": {"uv": [6.5, 11, 6.75, 11.25], "texture": "#0"},
				"up": {"uv": [11.25, 6.75, 11, 6.5], "texture": "#0"},
				"down": {"uv": [7, 11, 6.75, 11.25], "texture": "#0"}
			}
		},
		{
			"from": [14, 4, 4],
			"to": [15, 5, 5],
			"rotation": {"angle": 0, "axis": "y", "origin": [22, 3, 3]},
			"faces": {
				"north": {"uv": [11, 6.75, 11.25, 7], "texture": "#0"},
				"east": {"uv": [7, 11, 7.25, 11.25], "texture": "#0"},
				"south": {"uv": [7.25, 11, 7.5, 11.25], "texture": "#0"},
				"west": {"uv": [11, 7.25, 11.25, 7.5], "texture": "#0"},
				"up": {"uv": [7.75, 11.25, 7.5, 11], "texture": "#0"},
				"down": {"uv": [11.25, 7.5, 11, 7.75], "texture": "#0"}
			}
		},
		{
			"from": [2, 4, 2],
			"to": [3, 5, 4],
			"rotation": {"angle": 0, "axis": "y", "origin": [10, 3, 1]},
			"faces": {
				"north": {"uv": [7.75, 11, 8, 11.25], "texture": "#0"},
				"east": {"uv": [10, 10.25, 10.5, 10.5], "texture": "#0"},
				"south": {"uv": [11, 7.75, 11.25, 8], "texture": "#0"},
				"west": {"uv": [0, 10.5, 0.5, 10.75], "texture": "#0"},
				"up": {"uv": [0.75, 11, 0.5, 10.5], "texture": "#0"},
				"down": {"uv": [1, 10.5, 0.75, 11], "texture": "#0"}
			}
		},
		{
			"from": [2, 0, 3],
			"to": [14, 1, 16],
			"rotation": {"angle": 0, "axis": "y", "origin": [5, 0, 11]},
			"faces": {
				"north": {"uv": [7.25, 6.75, 10.25, 7], "texture": "#0"},
				"east": {"uv": [7, 3.25, 10.25, 3.5], "texture": "#0"},
				"south": {"uv": [3.5, 7.5, 6.5, 7.75], "texture": "#0"},
				"west": {"uv": [3.5, 7, 6.75, 7.25], "texture": "#0"},
				"up": {"uv": [3, 3.25, 0, 0], "texture": "#0"},
				"down": {"uv": [6, 0, 3, 3.25], "texture": "#0"}
			}
		},
		{
			"from": [7, 1, 9],
			"to": [9, 2, 12],
			"rotation": {"angle": 0, "axis": "y", "origin": [5, 1, 11]},
			"faces": {
				"north": {"uv": [1, 10.5, 1.5, 10.75], "texture": "#0"},
				"east": {"uv": [10, 8.25, 10.75, 8.5], "texture": "#0"},
				"south": {"uv": [1.5, 10.5, 2, 10.75], "texture": "#0"},
				"west": {"uv": [8.5, 10, 9.25, 10.25], "texture": "#0"},
				"up": {"uv": [8, 10.75, 7.5, 10], "texture": "#0"},
				"down": {"uv": [8.5, 10, 8, 10.75], "texture": "#0"}
			}
		},
		{
			"from": [1, 2, 9],
			"to": [15, 3, 14],
			"rotation": {"angle": 0, "axis": "y", "origin": [5, 2, 11]},
			"faces": {
				"north": {"uv": [6, 2.5, 9.5, 2.75], "texture": "#0"},
				"east": {"uv": [10, 7, 11.25, 7.25], "texture": "#0"},
				"south": {"uv": [6, 2.75, 9.5, 3], "texture": "#0"},
				"west": {"uv": [10, 8, 11.25, 8.25], "texture": "#0"},
				"up": {"uv": [9.5, 1.25, 6, 0], "texture": "#0"},
				"down": {"uv": [9.5, 1.25, 6, 2.5], "texture": "#0"}
			}
		},
		{
			"from": [1, 1, 14],
			"to": [15, 8, 15],
			"rotation": {"angle": 0, "axis": "y", "origin": [5, 1, 12]},
			"faces": {
				"north": {"uv": [0, 3.25, 3.5, 5], "texture": "#0"},
				"east": {"uv": [4.75, 10, 5, 11.75], "texture": "#0"},
				"south": {"uv": [3.5, 3.25, 7, 5], "texture": "#0"},
				"west": {"uv": [5, 10, 5.25, 11.75], "texture": "#0"},
				"up": {"uv": [9.5, 3.25, 6, 3], "texture": "#0"},
				"down": {"uv": [3.5, 6.75, 0, 7], "texture": "#0"}
			}
		},
		{
			"from": [1, 1, 15],
			"to": [15, 8, 16],
			"rotation": {"angle": 0, "axis": "y", "origin": [5, 1, 13]},
			"faces": {
				"north": {"uv": [0, 5, 3.5, 6.75], "texture": "#0"},
				"east": {"uv": [5.25, 10, 5.5, 11.75], "texture": "#0"},
				"south": {"uv": [3.5, 5, 7, 6.75], "texture": "#0"},
				"west": {"uv": [5.5, 10, 5.75, 11.75], "texture": "#0"},
				"up": {"uv": [7, 7, 3.5, 6.75], "texture": "#0"},
				"down": {"uv": [3.5, 7, 0, 7.25], "texture": "#0"}
			}
		}
	],
	"display": {
		"ground": {
			"translation": [0, 7.75, 0],
			"scale": [2, 2, 2]
		},
		"head": {
			"translation": [0, 15, -6.5],
			"scale": [2.1, 4, 2.21]
		}
	}
}